"Lote","x","y"
"Lote 1",-0.00302410777658224,0.790548575110734
"Lote 2",0.847878423519433,0.803964402060956
"Lote 3",-0.693229337222874,-0.961258982308209
"Lote 4",0.429241044912487,0.00625269208103418
"Lote 5",-0.496784759685397,0.0330094732344151
