"Lote","x","y"
"Lote 1",-0.938531753141433,-0.271462603937835
"Lote 2",-0.839169551618397,0.194307635072619
"Lote 3",-0.905439645517617,-0.796390323434025
