"Lote","x","y"
"Lote 1",-0.939337804913521,0.466131476219743
"Lote 2",-0.285514735616744,0.745662554167211
"Lote 3",-0.7294667433016,0.751290281303227
