"Bloque","x","y"
"Bloque 0",0,0
"Bloque 1",-0.71750875953276,-0.0705252253584638
"Bloque 2",-1.03947417744081,-0.0143313481452445
"Bloque 3",-0.0477448572283864,0.933879009787836
"Bloque 4",-0.323829996759862,1.06096737841556
