"Lote","x","y"
"Lote 1",-0.838142359163612,-0.122710319701582
"Lote 2",-0.190118487458676,0.896032071206719
