"Lote","x","y"
"Lote 1",0.700487737543881,0.0941319921985269
"Lote 2",-0.144021269399673,-0.518921692855656
"Lote 3",-0.0851926286704838,-0.535069771111012
