"Lote","x","y"
"Lote 1",-0.248824532609433,0.434977193363011
"Lote 2",-0.51699021877721,0.718450061511248
"Lote 3",-0.51400682143867,0.00944134453311563
