"Bloque","Aplicacion","tProcesamiento","dInicio","dFin"
"Bloque 0","-",0,0,0
"Bloque 1","Aplicacion 1",1.06025798698076,4,14
"Bloque 2","Aplicacion 1",0.0456512347870275,0,6
"Bloque 3","Aplicacion 1",3.03959749174356,2,12
"Bloque 4","Aplicacion 1",0.568015934480354,4,8
"Bloque 5","Aplicacion 1",1.95272318970946,0,10
"Bloque 6","Aplicacion 1",0.939172102510929,4,6
"Bloque 7","Aplicacion 1",0.593692711778069,1,5
"Bloque 8","Aplicacion 1",1.06445706454106,1,3
"Bloque 9","Aplicacion 1",2.25201801686108,4,14
"Bloque 10","Aplicacion 1",2.70796139417708,3,7
"Bloque 11","Aplicacion 1",1.89519393723949,3,11
"Bloque 12","Aplicacion 1",3.21303426754712,2,4
"Bloque 1","Aplicacion 2",0.814173755934818,14,20
"Bloque 2","Aplicacion 2",0.0681428506970406,15,23
"Bloque 3","Aplicacion 2",1.29022756121157,17,23
"Bloque 4","Aplicacion 2",0.207608504453674,15,25
"Bloque 5","Aplicacion 2",0.702237518317998,14,24
"Bloque 6","Aplicacion 2",2.20574471438375,18,22
"Bloque 7","Aplicacion 2",0.147375006973743,11,19
"Bloque 8","Aplicacion 2",1.80218097036776,13,15
"Bloque 9","Aplicacion 2",0.154060579235971,14,24
"Bloque 10","Aplicacion 2",0.0350344031583518,13,19
"Bloque 11","Aplicacion 2",1.70371349444684,16,18
"Bloque 12","Aplicacion 2",0.358920174994158,14,16
"Bloque 1","Aplicacion 3",3.42380332166709,29,33
"Bloque 2","Aplicacion 3",2.07233900565908,30,36
"Bloque 3","Aplicacion 3",1.6032519972337,31,33
"Bloque 4","Aplicacion 3",2.7942572780997,27,29
"Bloque 5","Aplicacion 3",1.78213740795978,29,37
"Bloque 6","Aplicacion 3",0.930911692033381,31,37
"Bloque 7","Aplicacion 3",2.74199919827859,21,25
"Bloque 8","Aplicacion 3",1.38051352905236,26,28
"Bloque 9","Aplicacion 3",2.52656069908545,28,38
"Bloque 10","Aplicacion 3",1.60188654674344,24,32
"Bloque 11","Aplicacion 3",0.544496310083196,31,35
"Bloque 12","Aplicacion 3",1.25136683847882,24,34
"Bloque 1","Aplicacion 4",0.286436504997485,43,45
"Bloque 2","Aplicacion 4",0.175684274010556,40,46
"Bloque 3","Aplicacion 4",0.668732739519328,41,51
"Bloque 4","Aplicacion 4",2.64916646840487,37,41
"Bloque 5","Aplicacion 4",0.0311889336581536,42,50
"Bloque 6","Aplicacion 4",1.82110411388086,41,47
"Bloque 7","Aplicacion 4",1.8047500415075,35,41
"Bloque 8","Aplicacion 4",2.96628430566255,36,38
"Bloque 9","Aplicacion 4",0.519729935796931,41,49
"Bloque 10","Aplicacion 4",0.992605698527768,36,46
"Bloque 11","Aplicacion 4",3.39671755504473,45,55
"Bloque 12","Aplicacion 4",1.45087704626681,37,41
