"Bloque","x","y"
"Bloque 0",0,0
"Bloque 1",0.341157664028345,0.478343233194557
"Bloque 2",0.349466441771047,0.521991382130809
"Bloque 3",-1.02832934677601,0.682221272432302
"Bloque 4",-0.955499422209647,0.714388557336699
"Bloque 5",0.730718854723215,0.362562340139194
"Bloque 6",0.913123533239695,0.625211724803471
