"Lote","x","y"
"Lote 1",0.390089010354131,0.383139246609062
"Lote 2",-0.877626586239785,0.750398084986955
"Lote 3",0.793900861404836,0.508807633072138
