"Lote","x","y"
"Lote 1",-0.119333865586668,-0.306463779881597
"Lote 2",0.381403736304492,0.438987228553742
"Lote 3",0.0782621232792735,0.295623885467649
"Lote 4",-0.583521074615419,-0.757716295309365
"Lote 5",-0.0842711389996111,0.287858585361391
"Lote 6",0.075252472423017,-0.184469399042428
