"Bloque","x","y"
"Bloque 0",0,0
"Bloque 1",0.501868325360019,-0.413335475569555
"Bloque 2",0.107822872709152,-0.146431717784394
"Bloque 3",0.513168606553501,-0.45284910132775
"Bloque 4",0.164753207072304,-0.109030581520956
"Bloque 5",0.148300662974852,0.142161982964251
"Bloque 6",0.111171710538145,0.333774198156437
