"Lote","x","y"
"Lote 1",0.455634841695428,-0.308260573539883
"Lote 2",0.316727981436998,-0.545888948254287
"Lote 3",0.0435062260366976,0.104971011634916
