"Bloque","x","y"
"Bloque 0",0,0
"Bloque 1",0.241223426615937,-0.179725618314887
"Bloque 2",0.406124053780151,-0.105026381874351
"Bloque 3",0.108756867766736,0.714098832258132
"Bloque 4",0.323990447047004,0.727316167881322
"Bloque 5",-0.856339237052923,-0.678467061887634
"Bloque 6",-0.433764916264504,-0.625990462455018
