"Lote","x","y"
"Lote 1",0.371450600214303,0.0956526249647141
"Lote 2",0.15581795014441,0.89351053815335
"Lote 3",-0.555889528710395,-0.833611177746207
