"Lote","x","y"
"Lote 1",0.798383722547442,0.0284475022926927
"Lote 2",-0.0019928808324039,-0.588322022464126
"Lote 3",0.0877226963639259,0.927137976512313
