"Lote","x","y"
"Lote 1",0.920651766005903,0.60204554349184
"Lote 2",0.588415164500475,0.4576689559035
"Lote 3",-0.341671982780099,0.968008184805512
