"Lote","x","y"
"Lote 1",0.15109950536862,-0.589018974918872
"Lote 2",-0.699848141055554,-0.688267203513533
"Lote 3",-0.260649181436747,-0.413557155057788
