"Bloque","x","y"
"Bloque 0",0,0
"Bloque 1",0.362751849301174,-0.0685518076991647
"Bloque 2",0.0618597823553284,-0.174059722812167
"Bloque 3",0.528659921668415,0.939459890728677
"Bloque 4",0.878035981233921,1.00614062604749
