"Lote","x","y"
"Lote 1",0.202870896551758,-0.137673764955252
"Lote 2",0.697661608457565,0.804188241250813
