"Bloque","x","y"
"Bloque 0",0,0
"Bloque 1",0.339043400890835,0.776706472921531
"Bloque 2",0.396785669694445,0.657226325847029
"Bloque 3",0.572369972685715,-0.023810945407356
"Bloque 4",0.773659814990386,-0.0650601424989108
"Bloque 5",0.292275782330193,0.955872033658118
"Bloque 6",0.109550161262976,1.1167342383625
