"Lote","x","y"
"Lote 1",0.360871870536357,0.881416357588023
"Lote 2",0.458527157548815,-0.206438276451081
"Lote 3",0.254822501912713,0.853639589156955
