"Bloque","Aplicacion","tProcesamiento","dInicio","dFin"
"Bloque 0","-",0,0,0
"Bloque 1","Aplicacion 1",0.782401062734425,0,4
"Bloque 2","Aplicacion 1",2.06188267271379,5,15
"Bloque 3","Aplicacion 1",0.588151903823018,2,4
"Bloque 4","Aplicacion 1",2.32144058633009,4,12
"Bloque 5","Aplicacion 1",0.630254767648876,2,6
"Bloque 6","Aplicacion 1",2.40258804920474,5,9
"Bloque 1","Aplicacion 2",3.86311445902872,10,18
"Bloque 2","Aplicacion 2",0.160721038329699,19,23
"Bloque 3","Aplicacion 2",0.883967127216731,12,20
"Bloque 4","Aplicacion 2",0.0485126192628713,15,17
"Bloque 5","Aplicacion 2",0.521082814782858,14,22
"Bloque 6","Aplicacion 2",0.277414120234912,15,25
"Bloque 1","Aplicacion 3",1.87101243016438,20,28
"Bloque 2","Aplicacion 3",0.728919156594202,34,38
"Bloque 3","Aplicacion 3",1.95977383292863,24,34
"Bloque 4","Aplicacion 3",2.4406547214801,29,39
"Bloque 5","Aplicacion 3",0.80047219133906,24,28
"Bloque 6","Aplicacion 3",2.49446542586269,29,37
"Bloque 1","Aplicacion 4",0.822740665590391,34,44
"Bloque 2","Aplicacion 4",1.62259926213078,49,55
"Bloque 3","Aplicacion 4",2.44953708302483,37,47
"Bloque 4","Aplicacion 4",1.98081274816637,42,52
"Bloque 5","Aplicacion 4",2.8802124232278,38,40
"Bloque 6","Aplicacion 4",0.0589616533043874,39,41
