"Bloque","x","y"
"Bloque 0",0,0
"Bloque 1",0.490878354540207,-0.606065751338189
"Bloque 2",0.7605332436282,-0.132233315768251
"Bloque 3",-0.048498135466771,-0.617454769338333
"Bloque 4",0.116467224577642,-0.36644195978763
