"Lote","x","y"
"Lote 1",0.4528769091703,-0.318698329851031
"Lote 2",0.0634497571736574,-0.410981718450785
