"Lote","x","y"
"Lote 1",0.775964862201363,0.137333469931036
"Lote 2",-0.230971002485603,-0.155872818082571
"Lote 3",0.368685214780271,0.755607357248664
"Lote 4",0.0234887823462486,-0.52974578179419
"Lote 5",-0.222040380351245,-0.11901731742546
