"Bloque","x","y"
"Bloque 0",0,0
"Bloque 1",-0.0787432998903477,-0.193652204738319
"Bloque 2",-0.137148112459068,0.016713530796909
"Bloque 3",-0.165927401738142,0.745814779655353
"Bloque 4",0.0556352062165381,0.793340167994847
"Bloque 5",0.435219299745709,0.616744636629821
"Bloque 6",0.490931808825574,0.61974489990721
