"Lote","x","y"
"Lote 1",-0.234698393847793,-0.0321034900844097
"Lote 2",-0.0117603186517954,0.670283280313015
"Lote 3",0.603749249130487,0.66921014059335
