"Bloque","Aplicacion","tProcesamiento","dInicio","dFin"
"Bloque 0","-",0,0,0
"Bloque 1","Aplicacion 1",0.7353184256237,3,7
"Bloque 2","Aplicacion 1",2.70508607814469,3,7
"Bloque 3","Aplicacion 1",2.07469402671114,4,12
"Bloque 4","Aplicacion 1",0.333361847881461,0,6
"Bloque 5","Aplicacion 1",2.91363644229628,5,11
"Bloque 6","Aplicacion 1",0.458804401149973,1,7
"Bloque 1","Aplicacion 2",1.49078833544532,14,16
"Bloque 2","Aplicacion 2",2.38968191454678,17,27
"Bloque 3","Aplicacion 2",1.49628629142781,14,24
"Bloque 4","Aplicacion 2",0.32252860853435,15,25
"Bloque 5","Aplicacion 2",0.416937353694811,17,27
"Bloque 6","Aplicacion 2",0.42526726978831,12,16
"Bloque 1","Aplicacion 3",0.470513644402335,27,31
"Bloque 2","Aplicacion 3",0.348894358557016,27,31
"Bloque 3","Aplicacion 3",0.183306681690738,28,30
"Bloque 4","Aplicacion 3",0.241189539199695,25,33
"Bloque 5","Aplicacion 3",1.00270700450511,31,37
"Bloque 6","Aplicacion 3",0.252253822308622,25,35
"Bloque 1","Aplicacion 4",0.891270616612773,42,46
"Bloque 2","Aplicacion 4",1.19178142543827,38,40
"Bloque 3","Aplicacion 4",0.84465368353459,42,48
"Bloque 4","Aplicacion 4",0.63340193048064,37,41
"Bloque 5","Aplicacion 4",0.141498983745085,46,52
"Bloque 6","Aplicacion 4",0.0129317904822528,39,41
