"Lote","x","y"
"Lote 1",0.744540439452976,-0.333735300693661
"Lote 2",0.347724178340286,-0.481101099401712
"Lote 3",0.550005123019218,-0.159279715735465
