"Bloque","x","y"
"Bloque 0",0,0
"Bloque 1",-0.287189260289877,-0.664504793160918
"Bloque 2",-0.507057780872917,-0.801906489707153
"Bloque 3",-0.492234778434736,-0.137898217771176
"Bloque 4",-0.612866792194344,0.362127501158824
