"Lote","x","y"
"Lote 1",-0.398824216797948,-0.905309074558318
"Lote 2",-0.478946306277066,0.278830877039582
