"Bloque","Aplicacion","tProcesamiento","dInicio","dFin"
"Bloque 0","-",0,0,0
"Bloque 1","Aplicacion 1",0.607496349327266,2,10
"Bloque 2","Aplicacion 1",0.382063389057294,1,7
"Bloque 3","Aplicacion 1",0.0854642787016928,5,11
"Bloque 4","Aplicacion 1",1.50545640583186,5,13
"Bloque 1","Aplicacion 2",0.402065533585846,15,19
"Bloque 2","Aplicacion 2",0.540579752412565,12,18
"Bloque 3","Aplicacion 2",1.31069045096525,20,26
"Bloque 4","Aplicacion 2",1.05650748717214,18,24
"Bloque 1","Aplicacion 3",2.3029330645863,27,37
"Bloque 2","Aplicacion 3",2.26309117816278,26,34
"Bloque 3","Aplicacion 3",0.707980798006007,30,38
"Bloque 4","Aplicacion 3",3.2698202075787,33,43
"Bloque 1","Aplicacion 4",0.0152611973695457,40,44
"Bloque 2","Aplicacion 4",2.13692410304908,40,48
"Bloque 3","Aplicacion 4",0.297861153725535,45,55
"Bloque 4","Aplicacion 4",0.318089719768614,48,56
