"Lote","x","y"
"Lote 1",-0.154869655612856,0.346636678092182
"Lote 2",0.372167383786291,0.436542813666165
"Lote 3",0.706457906402647,-0.551564152818173
