"Lote","x","y"
"Lote 1",0.405216836370528,0.277519303839654
"Lote 2",-0.741829107981175,0.348049639724195
"Lote 3",-0.0296456096693873,-0.445271568838507
"Lote 4",-0.63489778386429,0.668024480808526
"Lote 5",-0.661554562859237,0.108833035919815
