"Lote","x","y"
"Lote 1",-0.950437810271978,0.707167508080602
"Lote 2",-0.594286272767931,0.446525991894305
"Lote 3",0.197661310900003,0.806134017184377
"Lote 4",0.268347998615354,-0.809387801680714
"Lote 5",0.896683686878532,-0.369034162722528
