"Bloque","x","y"
"Bloque 0",0,0
"Bloque 1",0.52002641644,1.02593745652747
"Bloque 2",0.668930836872431,0.841949560319591
"Bloque 3",0.581016691400628,-0.826229624082777
"Bloque 4",0.952643813051175,-1.07123062226207
