"Lote","x","y"
"Lote 1",0.472201159223914,0.870491371490061
"Lote 2",0.868647333234549,-0.971135185565799
