"Lote","x","y"
"Lote 1",-0.0589683223515749,-0.927082857117057
"Lote 2",-0.0225549023598433,-0.214367873501033
"Lote 3",-0.579480589833111,-0.315651615150273
